1789612160,ASP.NET Core 3 and Angular 9
1838827994,Hands-On Serverless Computing with Google Cloud.
1838641106,Practical C Programming
183921662X,The C++ Workshop
1789618517,Python for Finance Cookbook
1789951755,Application Development with Qt Creator.
1838557741,Hands-On Genetic Algorithms with Python
1838824308,Hands-On Business Intelligence with DAX.
1838829091,Blockchain Development for Finance Projects
1838820299,Mastering Machine Learning Algorithms.
1838826998,Deep Reinforcement Learning Hands-On.
1838824413,Hands-On Music Generation with Magenta
1838987738,Deploying Microsoft 365 Teamwork: Exam MS-300 Guide
183921953X,Artificial Intelligence with Python.
1838559914,Advanced C++ Programming Cookbook
1839214678,"Mastering Python Networking,"
183864900X,"Digital Forensics and Incident Response,"
1838825487,The Clojure Workshop
1838981268,The Data Science Workshop
1789131618,Hands-On Enterprise Automation on Linux
1838554491,Hands-On Software Engineering with Golang
1838821902,iOS 13 Programming for Beginners
183921306X,Mastering JavaScript Functional Programming.
1800208073,JIRA Strategy Admin Workbook
1838824987,Full Stack Development with JHipster
1789806313,Python Feature Engineering Cookbook
1789957648,Clean Code in JavaScript
183864881X,Hands-On Design Patterns and Best Practices with Julia
1838553533,Microsoft Azure Architect Technologies: Exam Guide AZ-300
178980700X,Cyber Minds
1838828885,CompTIA Security+ Practice Tests SY0-501
1839214937,Hands-On Reinforcement Learning for Games
1789538947,Mastering Adobe InDesign 2020
178961208X,C# 8 and .NET Core 3 Projects Using Azure
183882779X,Cybersecurity  Attack and Defense Strategies.
1838647945,The Go Workshop
1838642358,The SQL Workshop
1839213388,"Mastering Xamarin.Forms,"
1839211024,Concurrency with Modern C++
1838981128,The C++ Standard Library
1789537614,Hands-On RESTful Web Services with ASP.NET Core 3
1789610133,Learn ASP.NET Core 3
1789955106,Mastering QuickBooks 2020
1789950228,ASP.NET Core 3 and React
1838823417,Deep Learning with TensorFlow 2 and Keras
1839216581,The Complete Edition - Software Engineering for Real-Time Systems
1789958350,Learn AWS Serverless Computing
183882491X,Hands-On Neuroevolution with Python.
1838984135,Tableau Desktop Certified Associate: Exam Guide
178913241X,Hands-On Parallel Programming with C# 8 and .NET Core 3
1789805546,JupyterLab Quick Start Guide
1789807409,Enterprise Augmented Reality Projects
1789951259,Mastering Microsoft Dynamics 365 Business Central
1789954932,React Projects.
1838649328,"ROS Robotics Projects,"
1789538777,Advanced Deep Learning with R
1789616719,Hands-On Reinforcement Learning with R
1838643508,Networking Fundamentals
1838821473,Hands-On Cloud-Native Applications with Java and Quarkus
1789530512,Hands-On Generative Adversarial Networks with PyTorch 1.x
178995617X,Advanced Deep Learning with Python
1789955750,Python Machine Learning.
1839217472,Migrating Applications to the Cloud with Azure
1839211709,Actionable Gamification
1789804108,Learn SOLIDWORKS 2020
1789800935,Hands-On Software Architecture with C# 8 and .NET Core 3
1789805821,Learn Microsoft PowerApps
1838552200,Electron Projects
1838556516,Unity Game Optimization
1838553002,Deep Learning with PyTorch 1.x
1838645357,AI Crash Course
1838641912,The JavaScript Workshop
1838984658,Microsoft 365 Mobility and Security  Exam Guide MS-101
1838988823,"Mastering PostgreSQL 12,"
1838983279,Serverless Architectures with Kubernetes
1838643540,The DevOps 2.4 Toolkit
1838647511,The DevOps 2.5 Toolkit
1838824537,The HTML and CSS Workshop
1838827366,Dancing with Qubits
1839211741,Practical gRPC
1800200668,Functional Programming in Python
1800209371,Creating Interfaces with Bulma
1800204736,Nest.js: A Progressive Node.js Framework
1800206623,Vue.js: Understanding its Tools and Ecosystem
1838821732,Hands-On Machine Learning with TensorFlow.js
1839216409,Cloud Analytics with Microsoft Azure
1789614678,Machine Learning for Cybersecurity Cookbook
1789615860,Learn TypeScript 3 by Building Web Applications
1789951224,Mastering Azure Serverless Computing
1838823816,Hands-On Docker for Microservices with Python
1838983996,Python API Development Fundamentals
1838982361,Clojure Polymorphism
1789611806,Learn Kali Linux 2019
1838826327,Managing Data Science
1788995201,Java Deep Learning Cookbook
1838643893,Salesforce Advanced Administrator Certification Guide
178934834X,Learn Algorithmic Trading
1839218851,The Python Workshop
1789956714,Salesforce Lightning Platform Enterprise Architecture
1788478126,C# 8.0 and .NET Core 3.0  Modern Cross-Platform Development
1789343623,Extreme C
178953657X,Programming in C#: Exam 70-483 (MCSD) Guide
1789536898,Learn Odoo
1838551964,PyTorch 1.x Reinforcement Learning Cookbook
1838642366,The Ruby Workshop
1838648917,The PHP Workshop
1838648577,Beginning C++ Game Programming.
1838828842,C++ Data Structures and Algorithm Design Principles
1838821139,Advanced C++
1839213469,Security+® Practice Tests
1838986693,The Java Workshop
1789343232,Mastering pandas.
1838642730,Learning DevOps
1789803322,Elasticsearch 7 Quick Start Guide
1839213337,Building Forms with Vue.js
1789131111,Reinforcement Learning Algorithms with Python
1789530660,Rust Programming Cookbook
1838555277,Professional Cloud Architect  Google Cloud Certification Guide
1838641440,Learn React Hooks
1839218045,Refactoring TypeScript
1839219688,Testing Vue.js Components with Jest
1789802989,Learning Python by Building Games
1789950694,R Bioinformatics Cookbook
1838550917,Windows Server 2019 Administration Fundamentals
1838555722,Mastering Kotlin
1838827544,Python GUI Programming Cookbook.
183921435X,arc42 by Example
1789341787,Hands-On Internet of Things with MQTT
1789534143,Hands-On Artificial Intelligence on Amazon Web Services
1789138744,"Developer, Advocate!"
1838820213,Professional JavaScript
1838826211,Introducing SQL Server 2019
1839211962,Get Your Hands Dirty on Clean Architecture
178883982X,Hands-On SAS for Data Analysis
1788996240,Learn CUDA Programming
1789348269,Hands-On Application Development with PyCharm
1789959276,Learning Geospatial Analysis with Python.
1838550186,AWS SysOps Cookbook.
1838552278,Blockchain for Decision Makers
1789613477,Hands-On Microservices with Spring Boot and Spring Cloud
1789807603,Binary Analysis Cookbook
1789801419,Java Coding Problems
1789954118,Learn Ethereum
1789615550,Hands-On Neural Networks with TensorFlow 2.0
1838559353,Angular Projects
1838644482,Learn Power BI
1788996089,Flutter for Beginners
1789533732,Python Parallel Programming Cookbook.
1789536308,Machine Learning for OpenCV 4.
1789804167,Oracle Blockchain Quick Start Guide
1788838106,Web Development with Angular and Bootstrap
1789133637,DevOps Paradox
1789535360,Learn Python by Building Data Science Applications
1789953006,VMware vSphere 6.7 Cookbook
1838550135,Practical Machine Learning with R
1838643109,Hands-On Enterprise Java Microservices with Eclipse MicroProfile
1839214945,The New Engineering Game
1838559337,Mastering Go.
1789808154,Mastering Adobe Photoshop Elements
1789134501,Learn Wireshark
1789347068,Blueprints Visual Scripting for Unreal Engine.
1789807352,SQL for Data Analytics
1789957753,Advanced Elasticsearch 7.0
1838823859,What's New in TensorFlow 2.0
1789530091,Mastering Visual Studio 2019.
1789958547,Microsoft Dynamics 365 Business Central Cookbook
178980020X,Mastering Active Directory.
1838649239,Getting Started with Web Components
1789340993,Hands-On Deep Learning with Go
1789531284,Mastering GitLab 12
1789804027,Hands-On Artificial Intelligence for Cybersecurity
1839218266,Mastering Blockchain Programming with Solidity
1839217642,Master Apache JMeter - From Load Testing to DevOps
1789133041,Advanced TypeScript Programming Projects
1789615321,Hands-On Data Analysis with Pandas
1789344158,Hands-On Deep Learning Algorithms with Python
1787284433,Enterprise API Management
1789612853,Hands-On Ensemble Learning with Python
1789800986,Go Programming Cookbook
1789802547,Professional Azure SQL Database Administration.
1838552863,Data Science with Python
1838550364,Learning Kibana 7
1789951291,Flask Framework Cookbook.
1789533392,Hands-On Web Scraping with Python
1789615690,Mastering Spring 5
1789952069,Hands-On Embedded Programming with Qt
1789534623,Hands-On Financial Modeling with Microsoft Excel 2019
1789133645,Hands-On Design Patterns with C# and .NET Core
1789804078,Hands-On System Programming with Go
1789805465,Hands-On Microservices with Kubernetes
1838559868,CCNA Cyber Ops SECOPS â Certification Guide 210-255
1789349028,Swift Protocol-Oriented Programming
1789615534,The Successful Software Manager
1789807336,Hands-On Functional Programming with C++
1838980415,Associations and Correlations
1838986189,Modern Programming: Object Oriented Programming and Best Practices
1838980849,Agile Technical Practices Distilled
1789616131,Hands-On Deep Learning for IoT
1838558128,Jira 8 Administration Cookbook
1789532582,Qt 5 and OpenCV 4 Computer Vision Projects
183855422X,DevOps Fundamentals with Azure (s)
1789531365,Mastering Object-Oriented Python.
1838553061,Getting Started with Tableau 2019.2
1800201206,Red Hat Enterprise Linux 8 Essentials
1838550291,Deep Learning for Natural Language Processing
178829811X,Julia High Performance.
1789610788,Mastering Malware Analysis
1789617316,"AWS Certified Developer ??? Associate Guide,"
1838985298,Principles of Strategic Data Science
1787288943,Mastering SAP ABAP
1788629159,Hands-On Time Series Analysis with R
1789137756,Caffe2 Quick Start Guide
1789538513,Hands-On Mobile Development with .NET Core
178980437X,Hands-On Exploratory Data Analysis with R
178980941X,Geospatial Data Science Quick Start Guide
1789612349,Hands-On Infrastructure Monitoring with Prometheus
1789950686,Unreal Engine 4 Game Development Quick Start Guide
1789954398,Learning Elastic Stack 7.0
1838558802,Linux Device Driver Development Cookbook
1838550356,Machine Learning with Go Quick Start Guide
1838552189,"Continuous Delivery with Docker and Jenkins,"
1838556338,Applied Supervised Learning with R
1838644652,Hands-On Game Development with WebAssembly
1838640169,Learn Penetration Testing
1838829024,Microsoft Azure Administrator ??? Exam Guide AZ-103
1788830644,Hands-On Computer Vision with TensorFlow 2
1788992598,Hands-On Neural Networks
1789136369,Machine Learning for Finance
1789802350,Learn Kotlin Programming
1789952298,Applied Unsupervised Learning with Python
1789538548,Unreal Engine 4 Shaders and Effects Cookbook
1789616190,Cybersecurity: The Beginner's Guide
178995231X,AWS Certified Advanced Networking - Specialty Exam Guide
1838825665,Supervised Machine Learning with Python
1789802075,Salesforce Platform Developer I Certification Guide
178961290X,Mastering GUI Programming with Python
1838822364,Hands-On Full Stack Development with Spring Boot 2 and React.
1789538920,The Art of CRM
1789808286,Introduction to DevOps with Kubernetes
1838649956,MicroPython Cookbook
1789349796,Mastering Machine Learning on AWS
1838823735,Training Systems Using Python Statistical Modeling.
1951442008,Android Studio 3.5 Development Essentials - Kotlin Edition
1789341078,Hands-On GPU Computing with Python
1785284894,Canvas Cookbook
1789349869,Hands-On Network Programming with C
1951442016,Android Studio 3.5 Development Essentials - Java Edition
1788839250,"Azure DevOps Server 2019 Cookbook,"
1789130557,Delphi Programming Projects
1789133416,Mastering React Test-Driven Development
1789346118,Hands-On Data Analysis with Scala
1789348811,Learn T-SQL Querying
1789340721,OpenCV 4 Computer Vision Application Programming Cookbook
1789538203,Hands-On Generative Adversarial Networks with Keras
1789535301,C++ Game Development By Example
1789537584,PostgreSQL 11 Administration Cookbook
1789806984,Active Directory Administration Cookbook
1838645578,Learn D3.js
1789950341,Vue CLI 3 Quick Start Guide
1787121321,TIBCO Spotfire: A Comprehensive Primer.
1788478290,Cognitive Computing with IBM Watson
1788834135,PyTorch Deep Learning Hands-On
1788834097,Hands-On Domain-Driven Design with .NET Core
1788998081,Hands-On Deep Learning Architectures with Python
1789136725,Hands-On AWS Penetration Testing with Kali Linux
1789136202,Implementing Cloud Design Patterns for AWS.
1789137799,Programming Microsoft Dynamics 365 Business Central
1789139864,Mastering Swift 5
1789132878,Unreal Engine 4 Virtual Reality Projects
1789346460,Mastering Python for Finance.
1789345367,OpenCV 4 for Secret Agents.
1789345073,Machine Learning with Scala Quick Start Guide
1789345375,Hands-On Machine Learning with Microsoft Excel 2019
1789534100,Hands-On Linux for Architects
1789535603,MCSA Windows Server 2016 Certification Guide: Exam 70-741
1789534887,Hyperledger Cookbook
1789614813,Hands-On Mobile and Embedded Development with Qt 5
1789619890,Machine Learning With Go.
1789807212,Docker High Performance.
1789808898,"Expert Python Programming,"
1789804930,Automated Testing in Microsoft Dynamics 365 Business Central
1789809312,Office 365 User Guide
1789615402,Android Programming with Kotlin for Beginners
1789954339,Learning Ansible 2.7
1789956501,Elasticsearch 7.0 Cookbook.
1789957052,Learn Java 12 Programming
1838551026,Data Science Projects with Python
183855226X,Artificial Vision and Language Processing for Robotics
1838551069,Security Tokens and Stablecoins Quick Start Guide
1838828974,Machine Learning for Data Mining
1789345154,Hands-On Motion Graphics with Adobe After Effects CC
1789531373,Mastering Ethereum
1789618924,Odoo 12 Development Cookbook
1789619785,Salesforce CRM - The Definitive Admin Handbook.
1789809770,Hands-On Design Patterns with Java
1789804590,Applied Deep Learning with PyTorch
1789954924,Applied Supervised Learning with Python
1789955319,Network Science with Python and NetworkX Quick Start Guide
1788835654,Hands-On Artificial Intelligence with Unreal Engine
178980115X,Natural Language Processing with Java Cookbook
1789800269,Python Data Mining Quick Start Guide
1838555072,Applied Deep Learning with Keras
1789345804,Hands-On Q-Learning with Python
1789803306,Powershell Core 6.2 Cookbook
1788295862,Machine Learning with R
1789955289,Big Data Analysis with Python
1788834933,Oracle CX Cloud Suite
1788994078,Hands-On Deep Learning for Games
1789139007,Hands-On Robotics Programming with C++
1789344077,Mobile Artificial Intelligence Projects
1789344522,Hands-On Network Forensics
1789344964,Google Flutter Mobile Development Quick Start Guide
1789530172,React Design Patterns and Best Practices.
1789536103,Hands-On Kubernetes on Azure
1789532051,Learning C# by Developing Games with Unity 2019.
1789536081,Hands-On Neural Networks with Keras
1789533589,TensorFlow Reinforcement Learning Quick Start Guide
1789618509,Learn Data Structures and Algorithms with Golang
1789613019,Hands-On G Suite for Administrators
1789615224,React Material-UI Cookbook
1789617871,Mastering MongoDB 4.x
1789802164,Intelligent Automation with VMware
1789808456,"Python Machine Learning Cookbook,"
1789800226,Azure Networking Cookbook
1789956870,Internet of Things Projects with ESP32
1789954045,Natural Language Processing Fundamentals
1789959411,Data Science for Marketing Analytics
1789340764,Hands-On Network Programming with C# and .NET Core
1789349338,Hands-On Game Development Patterns with Unity 2019
1789346347,Hands-On Data Science for Marketing
1789344913,Mastering OpenCV 4 with Python
1789535298,Building Serverless Microservices in Python
178953075X,TensorFlow 2.0 Quick Start Guide
1789611857,Hands-On Machine Learning with IBM Watson
1789809509,Unreal Engine 4.x Scripting with C++ Cookbook
1789802563,R Statistics Cookbook
1789958091,"Learning Python Networking,"
1789952301,Kali Linux - An Ethical Hacker's Cookbook
1838644334,Machine Learning with R Quick Start Guide
183864413X,Hands-On Big Data Analytics with PySpark
1788999894,Mastering Geospatial Development with QGIS 3.x
1789130751,Hands-On Full Stack Development with Go
1789801516,VMware vSphere 6.7 Data Center Design Cookbook
1789802377,Mastering VMware Horizon 7.8
1789802997,Deep Learning with Microsoft Cognitive Toolkit Quick Start Guide
1789612365,Drupal 8 Module Development.
1788839528,Learning Tableau 2019
1789803829,Qt5 C++ GUI Programming Cookbook.
1789956277,Hands-On RESTful Web Services with TypeScript 3
1789956390,Applied Unsupervised Learning with R
1789133270,Java 11 and 12 ??? New Features
1789951542,Mastering Ansible.
1838646116,Hands-On Dashboard Development with QlikView
1789804531,"Mastering Windows Server 2019,"
1789801737,Java Fundamentals
1789801494,C++ Fundamentals
178961337X,"Mastering VMware vSphere 6.7,"
1789808731,"MongoDB, Express, Angular, and Node.js Fundamentals"
1789612071,Mastering Docker Enterprise
1789610702,"Mastering Ceph,"
1788296222,Hands-On Object-Oriented Programming with C#
1788390415,Spring 5.0 Projects
1788479122,Advanced Serverless Architectures with Microsoft Azure
1788628462,Mastering Distributed Tracing
1788620445,Mastering Hadoop 3
1788994019,Hands-On Data Structures and Algorithms with Kotlin
178899406X,Hands-On Application Penetration Testing with Burp Suite
1788995171,Hands-On Penetration Testing with Kali NetHunter
1788990226,Mastering Microsoft Dynamics 365 Customer Engagement
1789138906,Neural Network Projects with Python
1789348277,Hands-On Unsupervised Learning with Python
1789346649,Neural Networks with Keras Cookbook
1789342481,Learn Chart.js
1789340780,ReasonML Quick Start Guide
1789533880,Mastering Tableau 2019.1
1789532426,Unreal Engine Blueprints Visual Scripting Projects
1789536707,Mastering TypeScript 3
1789536669,"Mastering Windows PowerShell Scripting,"
1789532019,WordPress 5 Complete
1789617375,"Docker on Windows,"
1789616727,Python Machine Learning By Example.
1789800943,Hands-On Business Intelligence with Qlik Sense
1789808537,"Windows Server 2019 Automation with PowerShell Cookbook,"
1789802814,Jira 8 Essentials
1789800110,Data Wrangling with Python
1789803233,Azure Resource Manager Templates Quick Start Guide
1789610087,Redux Quick Start Guide
178995603X,Getting Started with Qt 5
1789619459,"Installation, Storage, and Compute with Windows Server 2016: Microsoft 70-740 MCSA Exam Guide"
183864010X,Hands-On Blockchain Development in 7 Days.
1789346207,SAP Business Intelligence Quick Start Guide
1789343240,Hands-On Design Patterns with Delphi
1789617405,Unreal Engine Virtual Reality Quick Start Guide
178995276X,Create React App 2 Quick Start Guide
1789132304,Mastering Identity and Access Management with Microsoft Azure.
1789530725,Mastering Microservices with Java.
178953481X,CompTIA Server+ Certification Guide
1789138418,Hands-On GUI Application Development in Go
1789613965,Hands-On Java Deep Learning for Computer Vision
1789954525,Hands-On Test Management with Jira
1788627857,Hands-On Blockchain for Python Developers
1788399234,Serverless Integration Design Patterns with Azure
1789802024,Practical Security Automation and Testing
1788477545,Machine Learning with the Elastic Stack
1788623797,Serverless Programming Cookbook
1788627962,Becoming the Hacker
1788623762,Multi-Cloud for Architects
1788830571,Machine Learning Quick Reference
1788836294,Hands-On Cybersecurity for Finance
178883786X,Hands-On Cloud-Native Microservices with Jakarta EE
1788834445,Advanced MySQL 8
1788836065,Hands-On Artificial Intelligence for IoT
1788629302,Hands-On Embedded Programming with C++17
1788991923,React Native Cookbook.
1788990862,Installing and Configuring Windows 10: 70-698 Exam Guide
1788992660,Hands-On RESTful API Design Patterns and Best Practices
1788994612,Hands-On Deep Learning with Apache Spark
1788994175,Python Machine Learning Blueprints.
1788996925,Intelligent Projects Using Python
178899082X,Hands-On Penetration Testing with Python
1789134528,Hands-On Full-Stack Web Development with GraphQL and React.
1789136431,Mastering Quantum Computing with IBM QX
1789136679,Generative Adversarial Networks Projects
1789136601,Ensemble Machine Learning Cookbook
1789132983,Hands-On Data Science with the Command Line
1789349109,Apache Spark Quick Start Guide
1789346576,Mastering Rust.
1789341159,QGIS Quick Start Guide
1789342759,Hands-On Microservices with Rust
1789349257,Learn Spring for Android Application Development
1789341698,Learning Python for Forensics.
1789533384,Tableau 2019.x Cookbook
1789531241,Hands-On High Performance Programming with Qt 5
1789535468,Learning PostgreSQL 11
1789533996,DevOps with Kubernetes.
1789614503,Azure for Architects.
1789618002,Mastering Machine Learning with R.
1789804035,Kibana 7 Quick Start Guide
1789803055,Mastering Adobe Captivate 2019
1789800102,Advanced JavaScript
1789802598,Professional SQL Server High Availability and Disaster Recovery
1838551603,Hands-On Serverless Deep Learning with TensorFlow and AWS Lambda
1838555137,Identity with Windows Server 2016: Microsoft 70-742 MCSA Exam Guide
1788831438,Hands-On Functional Programming with TypeScript
1788832566,Hands-On Design Patterns with C++
1788990773,AWS Certified SysOps Administrator ??? Associate Guide
178913322X,Mastering Python Scripting for System Administrators
178934056X,Mastering Kali Linux for Advanced Penetration Testing.
1789615704,Go Web Scraping Quick Start Guide
1789139392,Foundations of Blockchain
1789956021,Blockchain for Business 2019
178899552X,Hands-On Data Structures and Algorithms with Rust
1789346134,Hands-On Reactive Programming with Clojure
1789342678,Jira Quick Start Guide
1789340268,"Zabbix 4 Network Monitoring,"
1789348463,Python Deep Learning.
1789617847,Implementing VMware Horizon 7.7
1789807948,R Machine Learning Projects
178913224X,Hands-On IoT Solutions with Blockchain.
1788629353,Machine Learning for Mobile
1788992288,Hands-On Machine Learning for Cybersecurity
1788995597,Learn Linux Shell Scripting â Fundamentals of Bash 4.4
1788992873,AI Blueprints
1789139902,Generative Adversarial Networks Cookbook
178934641X,Hands-On Machine Learning for Algorithmic Trading
178934252X,Linux Administration Cookbook
1789532191,Ripple Quick Start Guide
1789536642,Keras 2.x Projects
1789534208,Hands-On Meta Learning with Python
1789950066,Data Analysis with Python
1788475143,Java EE 8 Microservices
178913871X,Hands-On Predictive Analytics with Python
1789131014,"Learning Android Forensics,"
1789532361,Hands-On Enterprise Application Development with Python
1789532477,Odoo 12 Development Essentials
1789617057,Migrating Applications to the Cloud with Azure.
178995455X,Computer Vision Projects with OpenCV and Python 3
1788476247,Learning C++ by Building Games with Unreal Engine 4
1788997824,Apache Kafka Quick Start Guide
1789533570,Mastering OpenCV 4
1789537509,Xamarin.Forms Projects
1789612764,Microsoft Dynamics NAV Development Quick Start Guide
1789807972,Blockchain Quick Start Guide
1787289281,Microsoft System Center Data Protection Manager Cookbook.
178829274X,Julia Programming Projects
1788838017,Learn Type-Driven Development
1788992741,Modern JavaScript Web Development Cookbook
1789137888,Hands-On System Programming with C++
178913336X,Hands-On Dark Web Analysis
1789346568,Machine Learning with Apache Spark Quick Start Guide
1789341655,Bayesian Analysis with Python.
1789344875,CentOS Quick Start Guide
1789532221,Hands-On RESTful Python Web Services
1789614953,Azure PowerShell Quick Start Guide
1789617588,Learn Microsoft Azure
178980454X,Principles of Data Science.
1789955653,"Practical Network Automation,"
1789135567,Hands-On Design Patterns with Swift
1789348668,iOS 12 Programming for Beginners
1789534097,Deep Learning with PyTorch Quick Start Guide
1789805651,Cloud-Native Continuous Integration and Delivery
178980776X,Command Line Fundamentals
1789805023,Serverless Architectures with AWS
1789959632,Containerize your Apps with Docker and Kubernetes
1789954940,Migrating Apps to the Cloud with Azure
1789347033,Learn Clip Studio Paint
1788992245,Apache Superset Quick Start Guide
1789133939,Implementing Microsoft Dynamics 365 Business Central On-Premise
1789340500,CompTIA Network+ Certification Guide
1789806429,pfSense 2.x Cookbook
1789801656,Artificial Intelligence and Machine Learning Fundamentals
1788622596,Hands-On Software Architecture with Golang
1789808979,Version Control with Git and GitHub
1788475682,Blockchain By Example
1788390075,Kubernetes on AWS
178862582X,Practical Internet of Things Security.
1788839560,Practical Site Reliability Engineering
1788620909,Hands-On Big Data Modeling
1788626893,Bug Bounty Hunting Essentials
1788997271,Kotlin for Enterprise Applications using Java EE
1788991672,Hands-On Geospatial Analysis with R and QGIS
1788993403,Go Machine Learning Projects
1789139406,Hands-On Data Science with R
1789137233,PowerShell Core for Linux Administrators Cookbook
1789132339,Recurrent Neural Networks with Python Quick Start Guide
1789132215,TensorFlow Machine Learning Projects
1789130387,Natural Language Processing with Python Quick Start Guide
1789341175,Hands-On Server-Side Web Development with Swift
1789345391,Server Side development with Node.js and Koa.js Quick Start Guide
1789343739,Hands-On Image Processing with Python
1789341094,Mastering Vim
1789340624,Hands-On Azure for Developers
1789344697,Bioinformatics with Python Cookbook.
178934753X,Apache Ignite Quick Start Guide
1789341221,"Learn OpenCV 4 by Building Projects,"
1789347394,Mastering Windows Group Policy
1789538335,Hands-On Game Development without Coding
1789533910,Unity Artificial Intelligence Programming
1789534348,GitLab Quick Start Guide
1789610443,Robotic Process Automation with Blue Prism Quick Start Guide
1789618827,Learn Blockchain Programming with JavaScript
1789615267,"Azure Serverless Computing Cookbook,"
1789804957,Blender for Video Production Quick Start Guide
1788998367,Julia 1.0 Programming Cookbook
1788996348,Hands-On Data Science with SQL Server 2017
1789340748,Learn Robotics Programming
1789342228,PostgreSQL 11 Server Side Programming Quick Start Guide
1789347327,Docker Quick Start Guide
1789531098,Splunk 7.x Quick Start Guide
1789537223,Hands-On Industrial Internet of Things
1789531942,Learn Programming in Python with Cody Jackson
1789617693,Mastering Matplotlib 2.x
1789610257,Learn React with TypeScript 3
1789806267,Server-Side Enterprise Development with Angular
1789803551,Machine Learning Fundamentals
1788474392,Machine Learning in Java.
1788997425,Learn QGIS
1788993918,Hands-On GPU Programming with Python and CUDA
1789132762,Hands-On Dependency Injection in Go
1789343054,Mastering Concurrency in Python
1789131510,Architects of Intelligence
1789954533,Architects of Intelligence.
1951442059,SwiftUI Essentials - iOS Edition
1789806194,Machine Learning with AWS
1786468654,Hands-On Cloud Solutions with Azure
1787127885,CCNA Routing and Switching 200-125 Certification Guide
1788629418,Advanced Deep Learning with Keras
178862288X,Hands-On Full-Stack Web Development with ASP.NET Core
1788621751,Keras Deep Learning Cookbook
1788837681,Django 2 Web Development Cookbook
178883884X,Mastering Reverse Engineering
1788836308,Learn Scala Programming
1788629698,Real-Time 3D Graphics with WebGL 2
1788994590,Machine Learning Projects for Mobile Applications
1788998472,Hands-On System Programming with Linux
1788995570,Hands-On Data Structures and Algorithms with Python
1788995473,Continuous Delivery and DevOps ??? A Quickstart Guide
1788991060,Hands-On Artificial Intelligence for Beginners
1788995406,Mastering Flask Web Development
1789131499,Mastering Apache Cassandra 3.x
1789133203,Mastering iOS 12 Programming
1789134803,Internet of Things Programming Projects
1789137381,Learn Apache Mesos
1789131952,Hands-On Machine Learning with Azure
178913028X,Hands-On TypeScript for C# and .NET Core Developers
1789130662,AWS Certified Solutions Architect ??? Associate Guide
1788997093,Python Deep Learning Projects
1789138736,R Web Scraping Quick Start Guide
1788999835,Apache Hadoop 3 Quick Start Guide
1789343046,Implementing Azure Solutions.
1789342872,WordPress Development Quick Start Guide
178934414X,Blazor Quick Start Guide
1789538505,Android Programming for Beginners
1789617723,Hands-On Object-Oriented Programming with Kotlin
1789806070,Data Science Algorithms in a Week.
1789802865,Getting Started with Haskell Data Analysis
1789807328,Python Fundamentals
1789808812,Big Data Processing with Apache Spark
1789958172,Applied Data Science with Python and Jupyter
1788994728,"Getting Started with Kubernetes,"
1789133602,Hands-On Microservices ??? Monitoring and Testing
1789343704,Machine Learning with scikit-learn Quick Start Guide
1789340314,Drupal 8 Quick Start Guide
1789537819,Mastering PostgreSQL 11.
1789536596,Machine Learning for Healthcare Analytics Projects
1789612489,Selenium WebDriver Quick Start Guide
1789615852,Python 3 Object-Oriented Programming.
1789616700,Rust Quick Start Guide
1789803810,Selenium Fundamentals
1788622014,Hands-On Software Engineering with Python
1788836960,Building Applications with Spring 5 and Vue.js 2
1789341760,Kali Linux 2018: Assuring Security by Penetration Testing
1789138728,Hands-On Reactive Programming with Python
1788997468,"Kali Linux 2018: Windows Penetration Testing,"
1789344107,Vue.js Quick Start Guide
1789535425,The Modern C# Challenge
1789616603,Mastering Docker..
178913496X,Hands-On Cloud Administration in Azure
1789135710,Matplotlib 3.0 Cookbook
1788991214,Android 9 Development Cookbook
1789138051,Hands-On DevOps with Vagrant
1788474295,Blockchain across Oracle
1787284956,Hands-On Reactive Programming in Spring 5
1789136326,Tokenomics
1788298594,Industrial Internet Application Development
1788397649,Scala Programming Projects
1788477324,Building Enterprise JavaScript Applications
1788623444,DevOps for Serverless Applications
1788624351,Google Cloud Platform Administration
1788831861,Mastering Puppet 5
1788833341,DevOps for Salesforce
1788993705,Hands-On Serverless Applications with Kotlin
1788991613,Python Reinforcement Learning Projects
1788994469,Hands-On Design Patterns with React Native
178899616X,Redash v5 Quick Start Guide
1789132355,Java 11 Cookbook
1789139627,Voicebot and Chatbot Design
1789135796,Hands-On Reactive Programming with Reactor
1789343712,IBM Watson Projects
1789342090,Keras Reinforcement Learning Projects
1789348013,CompTIA Security+ Certification Guide
1789346487,Network Scanning Cookbook
1789535549,Designing AWS Environments
1789532558,React Router Quick Start Guide
1789534607,Hands-On Automation Testing with Java for Beginners
178961774X,Mastering Predictive Analytics with scikit-learn and TensorFlow
1789619637,Mastering Exploratory Analysis with pandas
1789619475,Blender Quick Start Guide
1789612012,Hands-On Neural Network Programming with C#
1788471156,Swift Game Development
178883058X,Mastering Arduino
1788838688,Getting Started with Tableau 2018.x
1788995236,Hands-On Red Team Tactics
1788991443,Mastering Game Development with Unreal Engine 4
1788992512,Mastering Python for Networking and Security
1788993489,Hands-On Chatbot Development with Alexa Skills and Amazon Lex
1789136245,MicroStrategy Quick Start Guide
1789342252,OpenGL 4 Shading Language Cookbook
1789343534,MongoDB 4 Quick Start Guide
1789346797,React and React Native
178953786X,Python Data Science Essentials.
1789534496,CompTIA Project+ Certification Guide
1789532930,Ansible Quick Start Guide
1789538831,Bash Quick Start Guide
1789539978,Effective DevOps with AWS.
1789535751,VuePress Quick Start Guide
1789612713,Introduction to Blockchain and Ethereum
1789612152,Applied Data Visualization with R and ggplot2
1789612896,Guide to NoSQL with Azure Cosmos DB
1789801664,Learning Node.js with Azure
1788470419,JavaScript Cloud Native Development Cookbook
1788625447,Hands-On Markov Models with Python
1788627903,Concurrent Patterns and Best Practices
1788993128,Web Application Development with R Using Shiny.
1789137616,Mastering Java 11
1789133807,Python Automation Cookbook
1789342384,D3.js Quick Start Guide
1789619270,Kubernetes Design Patterns and Extensions
1789612993,R Programming Fundamentals
1789800617,"Learning Microsoft Cognitive Services,"
1788470710,CMake Cookbook
1788479742,Blockchain for Enterprise
1789348293,Hands-On GPU-Accelerated Computer Vision with OpenCV and CUDA
1789344492,CompTIA Linux+ Certification Guide
178953173X,Burp Suite Cookbook
1789610362,Containerize your Apps with Docker and Kubernetes
1788997379,Learn WebAssembly
1788999096,Julia 1.0 Programming.
1788626745,Mastering SVG
1789343445,Magento 2 Development Quick Start Guide
1789135508,The DevOps 2.3 Toolkit
1789344204,Hands-On Bug Hunting for Penetration Testers
1787280543,Cloud Native Architectures
1788392493,Learning OpenStack Networking
1788471903,Unity 2018 Cookbook
1788479505,Microservices Development Cookbook
1788626869,Docker Cookbook.
1788627253,Network Vulnerability Assessment
1788620798,Mastering Functional Programming
1788628888,Real-World SRE
1788837363,101 UX Principles
1788837487,Mastering Python Design Patterns.
1788831306,Hands-On Transfer Learning with Python
1788833287,Learn Three.js
1788830822,Modern Python Standard Library Cookbook
1788992997,Software Architecture with Spring 5.0
1788995511,Mastering Xamarin UI Development.
1789131898,Java Projects
1789130964,Hands-On Linux Administration on Azure
1789137950,Implementing Microsoft Azure Infrastructure Solutions: Exam Guide 70-533
1789133998,Ethereum Cookbook
1789138396,Practical Linux Security Cookbook.
1789131685,TensorFlow Machine Learning Cookbook.
1788991516,Kali Linux Web Penetration Testing Cookbook.
1789342058,Hands-On Robotics with JavaScript
1789341795,Android Things Quick Start Guide
1789340365,Learn OpenGL
1789344182,Kotlin Quick Start Guide
1789343259,Learning Bootstrap 4 by Building Projects
1789537126,Data Science with SQL Server Quick Start Guide
1789536138,Learn Bitcoin and Blockchain
1789531705,Become a Python Data Analyst
178953755X,Hands-On Artificial Intelligence with Java for Beginners
1789538254,Salesforce Lightning Cookbook
1789611555,Hands-On Dashboard Development with Shiny
1789804744,Applied Deep Learning with Python
1783980729,React Cookbook
1788624068,Software Architectâs Handbook
1788626508,Docker on Amazon Web Services
1788835441,Artificial Intelligence for Robotics
1788997050,Qlik Sense Cookbook.
1789137403,Learning Jupyter 5
1789347998,Machine Learning Algorithms
178934557X,TypeScript 3.0 Quick Start Guide
1789343321,Pentaho Data Integration Quick Start Guide
1789538912,ASP.NET Core 2 Fundamentals
1789537002,Hands-On Bitcoin Programming with Python
1789611156,Hands-On Artificial Intelligence for Search
1788835832,Clean Code in Python
1788839153,Learning Java by Building Android Games
1789130484,Hands-On Continuous Integration and Delivery
1789134617,Hands-On Serverless Applications with Go
1789135990,Mastering Python Networking.
1789347564,pytest Quick Start Guide
1789531756,Hands-On Go Programming
1789614821,Jenkins Fundamentals
1788626176,Unity 2018 Artificial Intelligence Cookbook
1789130336,Hands-On Convolutional Neural Networks with TensorFlow
1788995392,Mastering Qt 5
1789340470,Data Center Virtualization Certification: VCP6.5-DCV Exam Guide
1789348609,Moodle Course Design Best Practices.
1789347467,Dynamics 365 Business Central Development Quick Start Guide
178899289X,R Deep Learning Essentials.
1788999045,Remote Usability Testing
1788830628,Java EE 8 Design Patterns and Best Practices
1788995783,Blockchain Quick Reference
